{"cameraMode":{"drawMode":0,"name":"Shaded","section":"Shading Mode"},"sceneLighting":false,"audioPlay":false,"sceneViewState":{"m_AlwaysRefresh":false,"showFog":true,"showSkybox":false,"showFlares":true,"showImageEffects":true,"showParticleSystems":true,"showVisualEffectGraphs":true,"m_FxEnabled":true},"in2DMode":false,"pivot":{"x":-0.020095735788345338,"y":-0.05154764652252197,"z":-0.011926285922527314},"rotation":{"x":0.09983677417039871,"y":-0.7792795896530151,"z":0.12855933606624604,"w":0.6051726937294006},"size":0.4811817407608032,"orthographic":false}