{"cameraMode":{"drawMode":0,"name":"Shaded","section":"Shading Mode"},"sceneLighting":true,"audioPlay":false,"sceneViewState":{"m_AlwaysRefresh":false,"showFog":true,"showSkybox":true,"showFlares":true,"showImageEffects":true,"showParticleSystems":true,"showVisualEffectGraphs":true,"m_FxEnabled":true},"in2DMode":false,"pivot":{"x":1216.854248046875,"y":141.9040069580078,"z":1751.8975830078125},"rotation":{"x":-0.010215084068477154,"y":-0.9852147102355957,"z":0.1588902771472931,"w":-0.06334152072668076},"size":2.8967106342315676,"orthographic":false}