{"cameraMode":{"drawMode":0,"name":"Shaded","section":"Shading Mode"},"sceneLighting":true,"audioPlay":false,"sceneViewState":{"m_AlwaysRefresh":false,"showFog":true,"showSkybox":true,"showFlares":true,"showImageEffects":true,"showParticleSystems":true,"showVisualEffectGraphs":true,"m_FxEnabled":true},"in2DMode":false,"pivot":{"x":49.636077880859378,"y":16.421852111816408,"z":-101.31595611572266},"rotation":{"x":0.10999569296836853,"y":-0.1174960732460022,"z":0.013095141388475895,"w":0.9868800640106201},"size":13.399426460266114,"orthographic":false}