{"cameraMode":{"drawMode":0,"name":"Shaded","section":"Shading Mode"},"sceneLighting":true,"audioPlay":false,"sceneViewState":{"m_AlwaysRefresh":false,"showFog":true,"showSkybox":true,"showFlares":true,"showImageEffects":true,"showParticleSystems":true,"showVisualEffectGraphs":true,"m_FxEnabled":true},"in2DMode":false,"pivot":{"x":-69.31015014648438,"y":-15.508758544921875,"z":1001.1868896484375},"rotation":{"x":0.28107500076293948,"y":0.27536097168922427,"z":-0.08454015105962753,"w":0.9154472351074219},"size":287.0919189453125,"orthographic":false}