{"cameraMode":{"drawMode":0,"name":"Shaded","section":"Shading Mode"},"sceneLighting":true,"audioPlay":false,"sceneViewState":{"m_AlwaysRefresh":false,"showFog":true,"showSkybox":true,"showFlares":true,"showImageEffects":true,"showParticleSystems":true,"showVisualEffectGraphs":true,"m_FxEnabled":true},"in2DMode":false,"pivot":{"x":41.41193389892578,"y":7.569290637969971,"z":-109.28091430664063},"rotation":{"x":0.21045789122581483,"y":0.27850449085235598,"z":-0.0626886785030365,"w":0.9349974393844605},"size":0.03455713763833046,"orthographic":false}