{"cameraMode":{"drawMode":0,"name":"Shaded","section":"Shading Mode"},"sceneLighting":true,"audioPlay":false,"sceneViewState":{"m_AlwaysRefresh":false,"showFog":true,"showSkybox":true,"showFlares":true,"showImageEffects":true,"showParticleSystems":true,"showVisualEffectGraphs":true,"m_FxEnabled":true},"in2DMode":false,"pivot":{"x":576.1130981445313,"y":188.17050170898438,"z":70.67723083496094},"rotation":{"x":-0.30301815271377566,"y":-0.09073569625616074,"z":0.028996696695685388,"w":-0.9482181072235107},"size":6.211371421813965,"orthographic":false}