{"cameraMode":{"drawMode":0,"name":"Shaded","section":"Shading Mode"},"sceneLighting":false,"audioPlay":false,"sceneViewState":{"m_AlwaysRefresh":false,"showFog":true,"showSkybox":false,"showFlares":true,"showImageEffects":true,"showParticleSystems":true,"showVisualEffectGraphs":true,"m_FxEnabled":true},"in2DMode":false,"pivot":{"x":-0.9968996047973633,"y":-0.11165809631347656,"z":5.385199546813965},"rotation":{"x":0.10767056047916413,"y":-0.6226041316986084,"z":0.08704240620136261,"w":0.7702065706253052},"size":3.1182806491851808,"orthographic":false}