{"cameraMode":{"drawMode":0,"name":"Shaded","section":"Shading Mode"},"sceneLighting":false,"audioPlay":false,"sceneViewState":{"m_AlwaysRefresh":false,"showFog":true,"showSkybox":false,"showFlares":true,"showImageEffects":true,"showParticleSystems":true,"showVisualEffectGraphs":true,"m_FxEnabled":true},"in2DMode":false,"pivot":{"x":71.21883392333985,"y":-6.336250305175781,"z":-79.19999694824219},"rotation":{"x":0.13637234270572663,"y":-0.19334156811237336,"z":0.027147218585014344,"w":0.9712307453155518},"size":37.328182220458987,"orthographic":false}