{"cameraMode":{"drawMode":0,"name":"Shaded","section":"Shading Mode"},"sceneLighting":false,"audioPlay":false,"sceneViewState":{"m_AlwaysRefresh":false,"showFog":true,"showSkybox":false,"showFlares":true,"showImageEffects":true,"showParticleSystems":true,"showVisualEffectGraphs":true,"m_FxEnabled":true},"in2DMode":false,"pivot":{"x":-0.018456220626831056,"y":2.092120885848999,"z":-0.003755807876586914},"rotation":{"x":0.14633165299892426,"y":0.6720011234283447,"z":-0.13797147572040559,"w":0.712721586227417},"size":14.411359786987305,"orthographic":false}